On the Fine-Grained Complexity of the Unbounded SubsetSum and Frobenius Problem;wed;18:32;29;InfinityDome;9.1
Huset | Prisoner;wed;19:00;118;CineStar 5;7.6
Omnejd;wed;19:00;42;InfinityDome;7.3
Ung Flukt | The Wayward Girl | Die jungen Sünder;wed;19:15;94;CineStar 4;6.6
Ung Flukt | The Wayward Girl | Die jungen Sünder;wed;19:15;94;CineStar 4;6.6
Nordic Shorts 2: Inbetween;wed;19:45;83;CineStar 2;7.6
VR Expanded;wed;20:30;84;InfinityDome;7.5
Ilveskuiskaaja | Lynx Man;wed;22:00;82;CineStar 5;7.8
Poetas | The Poet;wed;22:15;112;CineStar 4;7.3
Sånger från andra våningen | Songs from the Second Floor;wed;22:45;99;CineStar 2;7.5
Huset | Prisoner;thu;10:00;118;Koki;7.6
Tillsammans 99 | Together 99;thu;10:00;115;CineStar 5;6.5
Dancing Queen;thu;10:15;90;CineStar 1;7.5
København findes ikke | Copenhagen Does Not Exist;thu;10:30;99;CineStar 3;5.9
Nordic Shorts 2: Inbetween;thu;12:30;83;Koki;7.6
Elaha;thu;13:15;110;CineStar 7;7.6
Nelly Rapp – Dödens spegel | Nelly Rapp – The Secret of the Black Forest;thu;13:15;95;CineStar 1;6.7
Die Saat | The Seed;thu;16:00;82;CineStar 5;7.6
The Small Confession + 511 Best Photographs of Mars;thu;16:15;98;CineStar 4;7.8
Shorts 14+: Eine Handbreit über dem Boden;thu;16:45;73;CineStar 2;7.4
Being a Human Person;thu;17:30;90;Koki;7.6
Omnejd;thu;18:45;42;InfinityDome;7.3
De umyndige | Bravehearts;thu;19:15;71;CineStar 1;8.1
Inger & det dårlige selskab | Mrs Hansen & The Bad Companions;thu;19:45;90;CineStar 6;8.2
Shorts 16+: Wohin mit unseren Träumen?;thu;19:45;73;CineStar 2;7.2
Slow;thu;22:00;108;CineStar 5;7.5
Käpy selän alla | Under Your Skin | Tannenzapfen unter dem Rücken;thu;22:15;89;CineStar 4;6.7
Nordic Shorts 4: The Nuclear Family;thu;22:15;74;CineStar 1;7.8
Shorts: Leben im Konflikt;thu;22:15;72;CineStar 7;7.3
Je'vida;thu;22:30;99;Kolosseum;7.5
Miraklet i Gullspång | The Gullspång Miracle;thu;22:30;109;Koki;8.3
Mummola | Family Time;thu;22:30;116;CineStar 3;7.6
Mummola | Family Time;thu;22:30;116;CineStar 3;7.6
Mummola | Family Time;fri;10:00;116;CineStar 5;7.6
Miraklet i Gullspång | The Gullspång Miracle;fri;10:45;109;CineStar 6;8.3
Om det oändliga | About Endlessness | Über die Unendlichkeit;fri;10:45;78;CineStar 2;6.8
Opus 136;fri;11:47;10;InfinityDome;4.7
Hammerbrook Blues;fri;13:15;65;CineStar 7;7.2
Tilverur | Solitude;fri;13:30;75;Kolosseum;7.7
Tilverur | Solitude;fri;13:30;75;Kolosseum;7.7
Drones of the Deep | Drones of the Deep - multimedia presentation by Tom Kwasnitschka | Ein Spaziergang auf dem Meeresgrund – Multimedialer Vortrag von Tom Kwasnitschka;fri;15:15;45;InfinityDome;6.9
A Sentimental Short Story + Motorcycle Summer;fri;16:15;81;CineStar 4;6.2
Filmforum Shorts: (Be)Rauschend;fri;16:15;54;CineStar 7;8.8
Filmforum Shorts: (Be)Rauschend;fri;16:15;54;CineStar 7;8.8
Shorts 10+: Verborgene Orte;fri;16:15;78;CineStar 1;7.8
100 Jahre Planetarien;fri;16:45;58;InfinityDome;7.7
Liv Ullmann – A Road Less Travelled;fri;16:45;102;CineStar 6;7.6
Arkitekten | The Architect;fri;17:30;76;Koki;6.9
Vintersaga;fri;19:00;81;CineStar 5;7.3
Die Amitié | Amitié;fri;19:15;102;CineStar 7;7.6
Medan staden sover | While the City Sleeps;fri;19:15;102;CineStar 4;5.9
Norwegian Dream;fri;19:15;97;CineStar 1;6.6
Afturelding | Coach | Balls;fri;19:45;88;CineStar 2;7.9
Bastarden | The Promised Land | King’s Land;fri;22:30;127;Kolosseum;7.1
Svārstības | Before the Light;fri;22:30;75;Koki;4.7
Den siste filmen | The Last Movie;sat;10:15;83;CineStar 4;8.3
Togoland Projections | Togoland Projektionen;sat;10:15;96;CineStar 7;7.7
Du levande | You, the Living | Das jüngste Gewitter;sat;10:45;93;CineStar 2;7.4
Svārstības | Before the Light;sat;10:45;75;CineStar 6;4.7
Nordic Shorts 5: Broken Connections;sat;12:30;87;Koki;6.7
Helke Sander: Aufräumen | Helke Sander: Cleaning House;sat;13:15;82;CineStar 7;6.8
Shorts 10+: Verborgene Orte;sat;13:15;78;CineStar 1;7.8
Shorts: Miteinander;sat;14:30;79;Koki;6.1
København findes ikke | Copenhagen Does Not Exist;sat;16:00;99;CineStar 5;5.9
Hugo Hercules & The Wild West / The Artist W. H. D. Koerner;sat;16:15;88;CineStar 7;6.8
Bastarden | The Promised Land | King’s Land;sat;16:30;127;Kolosseum;7.1
Liv Ullmann – A Road Less Travelled;sat;16:45;102;CineStar 6;7.6
Vi lover et helvete | Saving the Fucking Planet E1-3;sat;16:45;210;CineStar 2;8.1
Shorts 16+: Wohin mit unseren Träumen?;sat;17:30;73;Koki;7.2
Je'vida;sat;19:00;99;CineStar 5;7.5
Aniden | Suddenly;sat;19:15;115;CineStar 7;7.3
Superposition;sat;19:30;102;Kolosseum;6.3
Vi lover et helvete | Saving the Fucking Planet E4-6;sat;19:45;210;CineStar 2;7.6
Verden er uskarp | The World Is Out Of Focus;sat;22:00;71;CineStar 5;8.2
Morden im Norden – Am Abgrund;sat;22:15;88;CineStar 7;5.8
Sigade revolutsioon | Revolution of Pigs | Revolution der Schweine;sat;22:15;98;CineStar 4;6.2
Nordic Shorts 3: Real Fake Truths;sat;22:30;74;Koki;7.3
Paradiset Brinner | Paradise Is Burning;sat;22:30;108;CineStar 3;6.8
Cinéma Laika | Cinema Laika | Kino Laika;sat;22:45;81;CineStar 6;8.1
Nordic Shorts 4: The Nuclear Family;sun;10:00;73;Koki;7.8
Tillsammans 99 | Together 99;sun;10:30;115;Kolosseum;6.5
Verden er uskarp | The World Is Out Of Focus;sun;10:30;71;Filmhaus 2;8.2
Opus 136;sun;11:44;10;InfinityDome;4.7
Å Øve | Practice;sun;13:00;79;CineStar 5;7.3
Filmforum Shorts: In nördlichen Breiten;sun;13:15;70;CineStar 7;5.6
Piratene | Pirates | Die Piraten;sun;13:15;93;CineStar 4;6.8
Die Holstentorrolle;sun;13:45;90;CineStar 6;8.5
And the King Said, What a Fantastic Machine | Fantastic Machine;sun;15:00;85;Koki;7.2
Tilverur | Solitude;sun;16:00;75;CineStar 5;7.7
Eine Geschichte des Sternentheaters – Multimedialer Vortrag von Tobias Wiethoff | A History of Star Theater – Multi Media Lecture by Tobias Wiethoff;sun;16:15;75;InfinityDome;7.6
Eine Geschichte des Sternentheaters – Multimedialer Vortrag von Tobias Wiethoff | A History of Star Theater – Multi Media Lecture by Tobias Wiethoff;sun;16:15;75;InfinityDome;7.6
Liv | Das Mädchen Liv;sun;16:15;88;CineStar 4;5.7
Twice Colonized;sun;16:45;92;CineStar 6;6.4
VR Expanded;sun;18:15;84;InfinityDome;7.5
Poetas | The Poet;sun;19:15;112;CineStar 4;7.3
Savvusanna sõsarad | Smoke Sauna Sisterhood;sun;19:15;89;CineStar 7;7.8
Tillsammans! | Together! | Zusammen!;sun;20:00;106;Koki;7.4