Norwegian Dream;wed;19:15;97;CineStar 1;6.6
Ung Flukt | The Wayward Girl | Die jungen Sünder;wed;19:15;94;CineStar 4;6.6
Tillsammans 99 | Together 99;wed;19:30;115;Kolosseum;6.5
Tillsammans 99 | Together 99;wed;19:30;115;Kolosseum;6.5
Twice Colonized;wed;19:45;92;CineStar 6;6.4
Heima er best | Descendants;wed;20:00;90;Koki;8.1
Poetas | The Poet;wed;22:15;112;CineStar 4;7.3
Die Saat | The Seed;wed;22:45;82;CineStar 6;7.6
Dancing Queen;thu;10:15;90;CineStar 1;7.5
Roy Andersson: Die frühen Jahre;thu;10:45;71;CineStar 2;5.6
Nordic Shorts 2: Inbetween;thu;12:30;83;Koki;7.6
Waldhusener Forst – Wald voller Geschichten | Waldhusener Forst – Forest of Stories;thu;12:30;25;InfinityDome;8.0
Elaha;thu;13:15;110;CineStar 7;7.6
Nelly Rapp – Dödens spegel | Nelly Rapp – The Secret of the Black Forest;thu;13:15;95;CineStar 1;6.7
Paradiset Brinner | Paradise Is Burning;thu;13:30;108;Kolosseum;6.8
Blomster;thu;13:45;65;CineStar 2;5.9
Det är en dag imorgon också | Tomorrow's Another Day;thu;15:00;90;Koki;7.4
Vintersaga;thu;16:30;81;CineStar 3;7.3
Vintersaga;thu;16:30;81;CineStar 3;7.3
!Aitsa;thu;16:45;89;CineStar 6;8.8
Shorts 14+: Eine Handbreit über dem Boden;thu;16:45;73;CineStar 2;7.4
Omnejd;thu;18:45;42;InfinityDome;7.3
Tilverur | Solitude;thu;19:00;75;CineStar 5;7.7
Ellos eatnu – La elva leve | Let the River Flow;thu;19:30;122;Kolosseum;7.7
Ellos eatnu – La elva leve | Let the River Flow;thu;19:30;122;Kolosseum;7.7
Inger & det dårlige selskab | Mrs Hansen & The Bad Companions;thu;19:45;90;CineStar 6;8.2
100 Jahre Planetarien;thu;20:15;58;InfinityDome;7.7
Slow;thu;22:00;108;CineStar 5;7.5
Nordic Shorts 4: The Nuclear Family;thu;22:15;74;CineStar 1;7.8
Shorts: Leben im Konflikt;thu;22:15;72;CineStar 7;7.3
Den siste filmen | The Last Movie;thu;22:45;83;CineStar 6;8.3
Forvandlingen – frihed kommer indefra | It's Always Been Me;fri;10:15;72;CineStar 1;7.3
Hugo Hercules & The Wild West / The Artist W. H. D. Koerner;fri;10:15;88;CineStar 7;6.8
Miraklet i Gullspång | The Gullspång Miracle;fri;10:45;109;CineStar 6;8.3
Om det oändliga | About Endlessness | Über die Unendlichkeit;fri;10:45;78;CineStar 2;6.8
Overview;fri;11:15;32;InfinityDome;7.1
Und dass man ohne Täuschung zu leben vermag | Of Living Without Illusion;fri;13:00;109;CineStar 5;5.8
Slow;fri;13:30;108;CineStar 3;7.5
Tilverur | Solitude;fri;13:30;75;Kolosseum;7.7
Superposition;fri;16:00;102;CineStar 5;6.3
A Sentimental Short Story + Motorcycle Summer;fri;16:15;81;CineStar 4;6.2
Arkitekten | The Architect;fri;17:30;76;Koki;6.9
VR Expanded;fri;18:15;84;InfinityDome;7.5
Heima er best | Descendants;fri;20:00;90;Koki;8.1
Non-Face;fri;21:00;45;InfinityDome;5.6
Mein Falke | My Falcon;fri;22:15;105;CineStar 7;5.9
Nordic Shorts 5: Broken Connections;fri;22:15;87;CineStar 1;6.7
Svārstības | Before the Light;fri;22:30;75;Koki;4.7
Lübeck Hoch 3: Labor Immersive Medien und digitale Kreation;sat;10:00;120;InfinityDome;7.1
Shorts 4+: Spiel Kino;sat;10:00;14;Koki;7.0
Den siste filmen | The Last Movie;sat;10:15;83;CineStar 4;8.3
Togoland Projections | Togoland Projektionen;sat;10:15;96;CineStar 7;7.7
Ellos eatnu – La elva leve | Let the River Flow;sat;10:30;122;CineStar 3;7.7
Slow;sat;10:30;108;Kolosseum;7.5
Máhccan – Kotiinpaluu | Homecoming;sat;10:45;77;Filmhaus 1;7.6
Helke Sander: Aufräumen | Helke Sander: Cleaning House;sat;13:15;82;CineStar 7;6.8
Shorts 10+: Verborgene Orte;sat;13:15;78;CineStar 1;7.8
Mummola | Family Time;sat;13:30;116;CineStar 3;7.6
Shorts: Miteinander;sat;14:30;79;Koki;6.1
København findes ikke | Copenhagen Does Not Exist;sat;16:00;99;CineStar 5;5.9
København findes ikke | Copenhagen Does Not Exist;sat;16:00;99;CineStar 5;5.9
Hugo Hercules & The Wild West / The Artist W. H. D. Koerner;sat;16:15;88;CineStar 7;6.8
Spiele für Schulkinder + estnische Kurzfilme;sat;16:15;108;CineStar 4;6.2
Liv Ullmann – A Road Less Travelled;sat;16:45;102;CineStar 6;7.6
De umyndige | Bravehearts;sat;19:15;71;CineStar 1;8.1
Poetas | The Poet;sat;19:30;112;CineStar 3;7.3
Ola – En helt vanlig uvanlig fyr | Being Ola;sat;19:45;72;CineStar 6;7.7
Verden er uskarp | The World Is Out Of Focus;sat;22:00;71;CineStar 5;8.2
Sigade revolutsioon | Revolution of Pigs | Revolution der Schweine;sat;22:15;98;CineStar 4;6.2
Nordic Shorts 3: Real Fake Truths;sat;22:30;74;Koki;7.3
Paradiset Brinner | Paradise Is Burning;sat;22:30;108;CineStar 3;6.8
Cinéma Laika | Cinema Laika | Kino Laika;sat;22:45;81;CineStar 6;8.1
Handen på Hjärtat | Out of Touch;sat;22:45;132;CineStar 2;6.9
Nelly Rapp – Dödens spegel | Nelly Rapp – The Secret of the Black Forest;sun;10:15;95;CineStar 1;6.7
Ung Flukt | The Wayward Girl | Die jungen Sünder;sun;10:15;94;CineStar 4;6.6
Aurora - Wunderbares Polarlicht;sun;11:15;29;InfinityDome;7.3
Dancing Queen;sun;13:15;90;CineStar 1;7.5
Mummola | Family Time;sun;13:30;116;Kolosseum;7.6
Mummola | Family Time;sun;13:30;116;Kolosseum;7.6
Die Holstentorrolle;sun;13:45;90;CineStar 6;8.5
Omnejd;sun;14:30;43;InfinityDome;7.3
And the King Said, What a Fantastic Machine | Fantastic Machine;sun;15:00;85;Koki;7.2
Tilverur | Solitude;sun;16:00;75;CineStar 5;7.7
Eine Geschichte des Sternentheaters – Multimedialer Vortrag von Tobias Wiethoff | A History of Star Theater – Multi Media Lecture by Tobias Wiethoff;sun;16:15;75;InfinityDome;7.6
Forvandlingen – frihed kommer indefra | It's Always Been Me;sun;16:15;72;CineStar 1;7.3
La empresa;sun;16:15;94;CineStar 7;6.4
Stille Liv | The Quiet Migration;sun;16:30;102;CineStar 3;6.3
Superposition;sun;16:30;102;Kolosseum;6.3
VR Expanded;sun;18:15;84;InfinityDome;7.5
Savvusanna sõsarad | Smoke Sauna Sisterhood;sun;19:15;89;CineStar 7;7.8
Paradiset Brinner | Paradise Is Burning;sun;19:30;108;CineStar 3;6.8
!Aitsa;sun;19:45;89;CineStar 6;8.8
En duva satt på en gren och funderade på tilvaron | A Pigeon Sat on a Branch Reflecting on Existence | Eine Taube sitzt auf einem Zweig und denkt über das Leben nach;sun;19:45;101;CineStar 2;6.9
Tillsammans! | Together! | Zusammen!;sun;20:00;106;Koki;7.4