And the King Said, What a Fantastic Machine | Fantastic Machine;wed;16:45;85;CineStar 6;7.2
Norwegian Dream;wed;19:15;97;CineStar 1;6.6
Tillsammans 99 | Together 99;wed;19:30;115;Kolosseum;6.5
Nordic Shorts 2: Inbetween;wed;19:45;83;CineStar 2;6.4
Twice Colonized;wed;19:45;92;CineStar 6;6.4
El sueño de la Sultana | Sultana's Dream | Sultanas Traum;wed;21:15;86;CineStar 7;6.8
Nordic Shorts 3: Real Fake Truths;wed;22:15;74;CineStar 1;7.7
Die Saat | The Seed;wed;22:45;82;CineStar 6;5.8
El sueño de la Sultana | Sultana's Dream | Sultanas Traum;thu;10:15;86;CineStar 4;6.8
Nordic Shorts 2: Inbetween;thu;12:30;83;Koki;6.4
Máhccan – Kotiinpaluu | Homecoming;thu;13:45;77;CineStar 6;7.6
Die Saat | The Seed;thu;16:00;82;CineStar 5;5.8
!Aitsa;thu;16:45;89;CineStar 6;8.8
Being a Human Person;thu;17:30;90;Koki;7.6
Being a Human Person;thu;17:30;90;Koki;7.6
Shorts 16+: Wohin mit unseren Träumen?;thu;19:45;73;CineStar 2;7.0
Estonia;thu;20:00;90;Koki;6.9
100 Jahre Planetarien;thu;20:15;58;InfinityDome;8.7
100 Jahre Planetarien;thu;20:15;58;InfinityDome;8.7
Hugo Hercules & The Wild West / The Artist W. H. D. Koerner;fri;10:15;88;CineStar 7;8.3
Roselil og stentrolden | Rosa and the Stone Troll;fri;13:15;75;CineStar 1;7.3
Shorts 10+: Verborgene Orte;fri;16:15;78;CineStar 1;7.8
100 Jahre Planetarien;fri;16:45;58;InfinityDome;8.7
Liv Ullmann – A Road Less Travelled;fri;16:45;102;CineStar 6;7.6
Norwegian Dream;fri;19:15;97;CineStar 1;6.6
Roselil og stentrolden | Rosa and the Stone Troll;sat;10:15;75;CineStar 1;7.3
Togoland Projections | Togoland Projektionen;sat;10:15;96;CineStar 7;8.7
Máhccan – Kotiinpaluu | Homecoming;sat;10:45;77;Filmhaus 1;7.6
Máhccan – Kotiinpaluu | Homecoming;sat;10:45;77;Filmhaus 1;7.6
Shorts 10+: Verborgene Orte;sat;13:15;78;CineStar 1;7.8
Hugo Hercules & The Wild West / The Artist W. H. D. Koerner;sat;16:15;88;CineStar 7;8.3
Liv Ullmann – A Road Less Travelled;sat;16:45;102;CineStar 6;7.6
Shorts 16+: Wohin mit unseren Träumen?;sat;17:30;73;Koki;7.0
100 Jahre Planetarien;sat;18:00;58;InfinityDome;8.7
Nordic Shorts 2: Inbetween;sat;22:15;83;CineStar 1;6.4
Nordic Shorts 3: Real Fake Truths;sat;22:30;74;Koki;7.7
And the King Said, What a Fantastic Machine | Fantastic Machine;sun;15:00;85;Koki;7.2
La empresa;sun;16:15;94;CineStar 7;6.4
Twice Colonized;sun;16:45;92;CineStar 6;6.4
Estonia;sun;17:30;90;Koki;6.9
!Aitsa;sun;19:45;89;CineStar 6;8.8