Sånger från andra våningen | Songs from the Second Floor;wed;22:45;99;CineStar 2;7.5
Future North Präsentation: Indigenes Filmschaffen;thu;10:45;120;Filmhaus 1;6.6
Roy Andersson: Die frühen Jahre;thu;10:45;71;CineStar 2;6.6
Waldhusener Forst – Wald voller Geschichten | Waldhusener Forst – Forest of Stories;thu;12:30;25;InfinityDome;5.8
Gategutter | Boys From the Streets | Gassenjungen;thu;13:15;77;CineStar 4;6.5
Det är en dag imorgon också | Tomorrow's Another Day;thu;15:00;90;Koki;7.4
Für Immer | For Ever;thu;16:15;87;CineStar 7;7.5
The Small Confession + 511 Best Photographs of Mars;thu;16:15;98;CineStar 4;7.8
Being a Human Person;thu;17:30;90;Koki;7.6
Flickorna Gyurkovics | A Sister of Six | Die sieben Töchter der Frau Gyurkovics;thu;19:15;102;CineStar 4;7.1
Käpy selän alla | Under Your Skin | Tannenzapfen unter dem Rücken;thu;22:15;89;CineStar 4;6.7
Shorts: Leben im Konflikt;thu;22:15;72;CineStar 7;7.5
Future North Präsentation: Baltisches Filmschaffen;fri;10:45;45;Filmhaus 1;8.9
Om det oändliga | About Endlessness | Über die Unendlichkeit;fri;10:45;78;CineStar 2;6.8
Dom kallar oss mods | They Call Us Misfits | Sie nennen uns Mods;fri;13:15;100;CineStar 4;7.3
Hammerbrook Blues;fri;13:15;65;CineStar 7;7.1
Drones of the Deep | Drones of the Deep - multimedia presentation by Tom Kwasnitschka | Ein Spaziergang auf dem Meeresgrund – Multimedialer Vortrag von Tom Kwasnitschka;fri;15:15;45;InfinityDome;6.8
Superposition;fri;16:00;102;CineStar 5;6.3
A Sentimental Short Story + Motorcycle Summer;fri;16:15;81;CineStar 4;7.7
Filmforum Shorts: (Be)Rauschend;fri;16:15;54;CineStar 7;5.5
Die Amitié | Amitié;fri;19:15;102;CineStar 7;7.6
Medan staden sover | While the City Sleeps;fri;19:15;102;CineStar 4;5.9
Non-Face;fri;21:00;45;InfinityDome;7.6
Lasse og Geir | Them and Us | Lasse und Geir;fri;22:15;91;CineStar 4;6.4
Mein Falke | My Falcon;fri;22:15;105;CineStar 7;6.4
Lübeck Hoch 3: Labor Immersive Medien und digitale Kreation;sat;10:00;120;InfinityDome;8.3
Shorts 4+: Spiel Kino;sat;10:00;14;Koki;7.7
Togoland Projections | Togoland Projektionen;sat;10:15;96;CineStar 7;8.7
Du levande | You, the Living | Das jüngste Gewitter;sat;10:45;93;CineStar 2;7.4
Helke Sander: Aufräumen | Helke Sander: Cleaning House;sat;13:15;82;CineStar 7;7.8
Terrorister – en film om dom dömda | Terrorists: The Kids They Sentenced;sat;13:15;85;CineStar 4;6.3
Legend of the Enchanted Reef | Die Legende des Zauberriffs;sat;14:00;43;InfinityDome;4.3
Shorts: Miteinander;sat;14:30;79;Koki;5.6
Spiele für Schulkinder + estnische Kurzfilme;sat;16:15;108;CineStar 4;7.0
Vi lover et helvete | Saving the Fucking Planet E1-3;sat;16:45;210;CineStar 2;7.3
Aniden | Suddenly;sat;19:15;115;CineStar 7;7.3
Täältä tullaan, elämä! | Right On, Man! | Ich pfeif auf eure Hilfe!;sat;19:15;111;CineStar 4;6.8
Vi lover et helvete | Saving the Fucking Planet E4-6;sat;19:45;210;CineStar 2;5.1
Morden im Norden – Am Abgrund;sat;22:15;88;CineStar 7;5.8
Morden im Norden – Am Abgrund;sat;22:15;88;CineStar 7;5.8
Sigade revolutsioon | Revolution of Pigs | Revolution der Schweine;sat;22:15;98;CineStar 4;6.2
Nordic Shorts 3: Real Fake Truths;sat;22:30;74;Koki;7.7
Um Menino;sun;10:00;49;InfinityDome;3.8
Tatort – Borowski und das unschuldige Kind von Wacken | Tatort – Borowski and the Innocent Child of Wacken;sun;10:15;88;CineStar 7;6.4
Aurora - Wunderbares Polarlicht;sun;11:15;29;InfinityDome;7.1
Tauche mit uns zum Hanseschiff | Dive into the Hanse Shipwreck;sun;13:00;30;InfinityDome;6.6
Filmforum Shorts: In nördlichen Breiten;sun;13:15;70;CineStar 7;7.9
Piratene | Pirates | Die Piraten;sun;13:15;93;CineStar 4;7.7
Die Holstentorrolle;sun;13:45;90;CineStar 6;6.9
And the King Said, What a Fantastic Machine | Fantastic Machine;sun;15:00;85;Koki;7.2
Eine Geschichte des Sternentheaters – Multimedialer Vortrag von Tobias Wiethoff | A History of Star Theater – Multi Media Lecture by Tobias Wiethoff;sun;16:15;75;InfinityDome;5.3
Forvandlingen – frihed kommer indefra | It's Always Been Me;sun;16:15;72;CineStar 1;6.8
La empresa;sun;16:15;94;CineStar 7;6.4
Liv | Das Mädchen Liv;sun;16:15;88;CineStar 4;5.7
En duva satt på en gren och funderade på tilvaron | A Pigeon Sat on a Branch Reflecting on Existence | Eine Taube sitzt auf einem Zweig und denkt über das Leben nach;sun;19:45;101;CineStar 2;6.9
Tillsammans! | Together! | Zusammen!;sun;20:00;106;Koki;7.4