Omnejd;wed;19:00;42;InfinityDome;8.0
VR Expanded;wed;20:30;84;InfinityDome;5.9
Ilveskuiskaaja | Lynx Man;wed;22:00;82;CineStar 5;7.8
Revir – En fortælling om det dyrebare | Revir – Everything You Hold Dear;wed;22:30;83;Koki;6.8
Sånger från andra våningen | Songs from the Second Floor;wed;22:45;99;CineStar 2;7.5
Nordic Shorts 2: Inbetween;thu;13:38;83;Koki;8.1
Det är en dag imorgon också | Tomorrow's Another Day;thu;15:00;90;Koki;7.4
VR Expanded;thu;17:00;84;InfinityDome;5.9
Ellos eatnu – La elva leve | Let the River Flow;thu;19:30;122;Kolosseum;7.7
Inger & det dårlige selskab | Mrs Hansen & The Bad Companions;thu;19:45;90;CineStar 6;8.2
Mummola | Family Time;thu;22:30;116;CineStar 3;6.4
Forvandlingen – frihed kommer indefra | It's Always Been Me;fri;10:15;72;CineStar 1;6.8
Roselil og stentrolden | Rosa and the Stone Troll;fri;13:15;75;CineStar 1;7.3
Hør her'a! | Listen Up!;fri;13:45;86;CineStar 2;6.9
Handen på Hjärtat | Out of Touch;fri;15:00;132;Koki;6.9
Medan staden sover | While the City Sleeps;fri;19:15;102;CineStar 4;5.9
Fedrelandet | Songs of Earth;fri;19:45;90;CineStar 6;7.3
Nordic Shorts 5: Broken Connections;fri;22:15;87;CineStar 1;4.2
Ellos eatnu – La elva leve | Let the River Flow;fri;22:30;122;CineStar 3;7.7
Tillsammans 99 | Together 99;fri;22:45;115;CineStar 2;6.5
Heartist;sat;13:00;51;CineStar 5;7.9
Å Øve | Practice;sat;13:30;79;Kolosseum;7.5
Overview;sat;15:15;32;InfinityDome;5.5
Spiele für Schulkinder + estnische Kurzfilme;sat;16:15;108;CineStar 4;7.0
Vi lover et helvete | Saving the Fucking Planet E1-3;sat;16:45;210;CineStar 2;7.3
100 Jahre Planetarien;sat;18:00;58;InfinityDome;8.7
Je'vida;sun;10:00;99;CineStar 5;7.5
Um Menino;sun;10:00;49;InfinityDome;3.8
Omnejd;sun;14:30;43;InfinityDome;8.0
Eine Geschichte des Sternentheaters – Multimedialer Vortrag von Tobias Wiethoff | A History of Star Theater – Multi Media Lecture by Tobias Wiethoff;sun;16:15;75;InfinityDome;5.3
Ellos eatnu – La elva leve | Let the River Flow;sun;16:45;122;CineStar 2;7.7
!Aitsa;sun;19:45;89;CineStar 6;8.8
En duva satt på en gren och funderade på tilvaron | A Pigeon Sat on a Branch Reflecting on Existence | Eine Taube sitzt auf einem Zweig und denkt über das Leben nach;sun;19:45;101;CineStar 2;6.9