Titina | Titina – Ein tierisches Abenteuer am Nordpol;wed;16:15;92;CineStar 1;7.1
Elaha;wed;18:15;110;CineStar 7;7.6
Huset | Prisoner;wed;19:00;118;CineStar 5;7.6
Omnejd;wed;19:00;42;InfinityDome;8.0
Norwegian Dream;wed;19:15;97;CineStar 1;6.6
El sueño de la Sultana | Sultana's Dream | Sultanas Traum;wed;21:15;86;CineStar 7;6.8
Nordic Shorts 3: Real Fake Truths;wed;22:15;74;CineStar 1;7.7
Huset | Prisoner;thu;10:00;118;Koki;7.6
Dancing Queen;thu;10:15;90;CineStar 1;7.5
Gategutter | Boys From the Streets | Gassenjungen;thu;13:15;77;CineStar 4;6.5
Det är en dag imorgon också | Tomorrow's Another Day;thu;15:00;90;Koki;7.4
Neona Pavasaris | Neon Spring;thu;16:15;102;CineStar 1;5.9
!Aitsa;thu;16:45;89;CineStar 6;8.8
Tilverur | Solitude;thu;19:00;75;CineStar 5;7.7
Und dass man ohne Täuschung zu leben vermag | Of Living Without Illusion;thu;19:15;109;CineStar 7;5.8
Shorts 16+: Wohin mit unseren Träumen?;thu;19:45;73;CineStar 2;7.0
Slow;thu;22:00;108;CineStar 5;7.5
Shorts: Leben im Konflikt;thu;22:15;72;CineStar 7;7.5
Je'vida;thu;22:30;99;Kolosseum;7.5
Hør her'a! | Listen Up!;fri;13:45;86;CineStar 2;6.9
Drones of the Deep | Drones of the Deep - multimedia presentation by Tom Kwasnitschka | Ein Spaziergang auf dem Meeresgrund – Multimedialer Vortrag von Tom Kwasnitschka;fri;15:15;45;InfinityDome;6.8
Poetas | The Poet;fri;16:30;112;Kolosseum;7.3
Paradiset Brinner | Paradise Is Burning;fri;19:30;108;CineStar 3;6.8
Fedrelandet | Songs of Earth;fri;19:45;90;CineStar 6;7.3
Non-Face;fri;21:00;45;InfinityDome;7.6
Bastarden | The Promised Land | King’s Land;fri;22:30;127;Kolosseum;5.3
Svārstības | Before the Light;fri;22:30;75;Koki;5.7
Lübeck Hoch 3: Labor Immersive Medien und digitale Kreation;sat;10:00;120;InfinityDome;8.3
Shorts 4+: Spiel Kino;sat;10:00;14;Koki;7.7
Togoland Projections | Togoland Projektionen;sat;10:15;96;CineStar 7;8.7
Ellos eatnu – La elva leve | Let the River Flow;sat;10:30;122;CineStar 3;7.7
Helke Sander: Aufräumen | Helke Sander: Cleaning House;sat;13:15;82;CineStar 7;7.8
Å Øve | Practice;sat;13:30;79;Kolosseum;7.5
Titina | Titina – Ein tierisches Abenteuer am Nordpol;sat;16:15;92;CineStar 1;7.1
Bastarden | The Promised Land | King’s Land;sat;16:30;127;Kolosseum;5.3
Je'vida;sat;19:00;99;CineStar 5;7.5
Täältä tullaan, elämä! | Right On, Man! | Ich pfeif auf eure Hilfe!;sat;19:15;111;CineStar 4;6.8
Handen på Hjärtat | Out of Touch;sat;22:45;132;CineStar 2;6.9
Nordic Shorts 4: The Nuclear Family;sun;10:00;73;Koki;8.0
Nelly Rapp – Dödens spegel | Nelly Rapp – The Secret of the Black Forest;sun;10:15;95;CineStar 1;6.7
Tillsammans 99 | Together 99;sun;10:30;115;Kolosseum;6.5
Hør her'a! | Listen Up!;sun;10:45;86;CineStar 2;6.9
Å Øve | Practice;sun;13:00;79;CineStar 5;7.5
Dancing Queen;sun;13:15;90;CineStar 1;7.5
Filmforum Shorts: In nördlichen Breiten;sun;13:15;70;CineStar 7;7.9
Piratene | Pirates | Die Piraten;sun;13:15;93;CineStar 4;7.7
Bastarden | The Promised Land | King’s Land;sun;13:30;127;CineStar 3;5.3
Omnejd;sun;14:30;43;InfinityDome;8.0
Liv | Das Mädchen Liv;sun;16:15;88;CineStar 4;5.7
Twice Colonized;sun;16:45;92;CineStar 6;6.4
Estonia;sun;17:30;90;Koki;6.9
København findes ikke | Copenhagen Does Not Exist;sun;19:00;99;CineStar 5;5.9
Poetas | The Poet;sun;19:15;112;CineStar 4;7.3
Shorts 14+: Eine Handbreit über dem Boden;sun;19:15;73;CineStar 1;7.2
!Aitsa;sun;19:45;89;CineStar 6;8.8