And the King Said, What a Fantastic Machine | Fantastic Machine;wed;16:45;85;CineStar 6;7.2
Die Saat | The Seed;wed;22:45;82;CineStar 6;5.8
Die Saat | The Seed;wed;22:45;82;CineStar 6;5.8
Huset | Prisoner;thu;10:00;118;Koki;7.6
El sueño de la Sultana | Sultana's Dream | Sultanas Traum;thu;10:15;86;CineStar 4;6.8
Revir – En fortælling om det dyrebare | Revir – Everything You Hold Dear;thu;10:45;83;CineStar 6;6.8
Superposition;thu;13:30;102;CineStar 3;6.3
Blomster;thu;13:45;65;CineStar 2;5.9
Für Immer | For Ever;thu;16:15;87;CineStar 7;7.5
Neona Pavasaris | Neon Spring;thu;16:15;102;CineStar 1;5.9
Å Øve | Practice;thu;16:30;79;Kolosseum;7.5
Å Øve | Practice;thu;16:30;79;Kolosseum;7.5
Vintersaga;thu;16:30;81;CineStar 3;7.3
Bastarden | The Promised Land | King’s Land;thu;19:30;127;CineStar 3;7.8
Den siste filmen | The Last Movie;thu;22:45;83;CineStar 6;8.3
Opus 136;fri;11:47;10;InfinityDome;7.0
Opus 136;fri;11:47;10;InfinityDome;7.0
Nordic Shorts 4: The Nuclear Family;fri;12:30;73;Koki;8.0
Cinéma Laika | Cinema Laika | Kino Laika;fri;13:45;81;CineStar 6;8.1
Hør her'a! | Listen Up!;fri;13:45;86;CineStar 2;6.9
Norwegian Dream;fri;19:15;97;CineStar 1;6.6
Nordic Shorts 5: Broken Connections;fri;22:15;87;CineStar 1;4.2
Ellos eatnu – La elva leve | Let the River Flow;fri;22:30;122;CineStar 3;7.7
Ilveskuiskaaja | Lynx Man;fri;22:45;82;CineStar 6;7.8
Togoland Projections | Togoland Projektionen;sat;10:15;96;CineStar 7;8.7
Svārstības | Before the Light;sat;10:45;75;CineStar 6;5.7
Fedrelandet | Songs of Earth;sat;13:45;90;CineStar 6;7.3
Legend of the Enchanted Reef | Die Legende des Zauberriffs;sat;14:00;43;InfinityDome;4.3
Spiele für Schulkinder + estnische Kurzfilme;sat;16:15;108;CineStar 4;7.0
Bastarden | The Promised Land | King’s Land;sat;16:30;127;Kolosseum;5.3
Stille Liv | The Quiet Migration;sat;16:30;102;CineStar 3;6.3
Superposition;sat;19:30;102;Kolosseum;6.3
Vi lover et helvete | Saving the Fucking Planet E4-6;sat;19:45;210;CineStar 2;5.1
Nordic Shorts 3: Real Fake Truths;sat;22:30;74;Koki;7.7
Tatort – Borowski und das unschuldige Kind von Wacken | Tatort – Borowski and the Innocent Child of Wacken;sun;10:15;88;CineStar 7;6.4
Verden er uskarp | The World Is Out Of Focus;sun;10:30;71;Filmhaus 2;6.8
Vintersaga;sun;10:30;81;CineStar 3;7.3
Omnejd;sun;14:30;43;InfinityDome;8.0
Omnejd;sun;14:30;43;InfinityDome;8.0
La empresa;sun;16:15;94;CineStar 7;6.4
Stille Liv | The Quiet Migration;sun;16:30;102;CineStar 3;6.3