And the King Said, What a Fantastic Machine | Fantastic Machine;wed;16:45;85;CineStar 6;7.2
Omnejd;wed;19:00;42;InfinityDome;7.0
Tillsammans 99 | Together 99;wed;19:30;115;Kolosseum;6.5
El sueño de la Sultana | Sultana's Dream | Sultanas Traum;wed;21:15;86;CineStar 7;6.8
Tilverur | Solitude;wed;22:30;75;Kolosseum;7.7
Huset | Prisoner;thu;10:00;118;Koki;7.6
København findes ikke | Copenhagen Does Not Exist;thu;10:30;99;CineStar 3;5.9
Revir – En fortælling om det dyrebare | Revir – Everything You Hold Dear;thu;10:45;83;CineStar 6;6.8
Roy Andersson: Die frühen Jahre;thu;10:45;71;CineStar 2;8.4
!Aitsa;thu;16:45;89;CineStar 6;8.8
Being a Human Person;thu;17:30;90;Koki;7.6
Bastarden | The Promised Land | King’s Land;thu;19:30;127;CineStar 3;7.8
Inger & det dårlige selskab | Mrs Hansen & The Bad Companions;thu;19:45;90;CineStar 6;8.2
Shorts 16+: Wohin mit unseren Träumen?;thu;19:45;73;CineStar 2;8.7
Slow;thu;22:00;108;CineStar 5;7.5
Den siste filmen | The Last Movie;thu;22:45;83;CineStar 6;8.3
Ola – En helt vanlig uvanlig fyr | Being Ola;thu;22:45;72;CineStar 2;7.7
Forvandlingen – frihed kommer indefra | It's Always Been Me;fri;10:15;72;CineStar 1;6.7
Hugo Hercules & The Wild West / The Artist W. H. D. Koerner;fri;10:15;88;CineStar 7;8.2
Future North Präsentation: Baltisches Filmschaffen;fri;10:45;45;Filmhaus 1;7.4
Und dass man ohne Täuschung zu leben vermag | Of Living Without Illusion;fri;13:00;109;CineStar 5;5.8
Dom kallar oss mods | They Call Us Misfits | Sie nennen uns Mods;fri;13:15;100;CineStar 4;7.3
Slow;fri;13:30;108;CineStar 3;7.5
Drones of the Deep | Drones of the Deep - multimedia presentation by Tom Kwasnitschka | Ein Spaziergang auf dem Meeresgrund – Multimedialer Vortrag von Tom Kwasnitschka;fri;15:15;45;InfinityDome;6.5
Superposition;fri;16:00;102;CineStar 5;6.3
Filmforum Shorts: (Be)Rauschend;fri;16:15;54;CineStar 7;8.1
Je'vida;fri;16:30;99;CineStar 3;7.5
Liv Ullmann – A Road Less Travelled;fri;16:45;102;CineStar 6;7.6
Fedrelandet | Songs of Earth;fri;19:45;90;CineStar 6;7.3
Mein Falke | My Falcon;fri;22:15;105;CineStar 7;7.2
Nordic Shorts 5: Broken Connections;fri;22:15;87;CineStar 1;7.0
Ellos eatnu – La elva leve | Let the River Flow;fri;22:30;122;CineStar 3;7.7
Lübeck Hoch 3: Labor Immersive Medien und digitale Kreation;sat;10:00;120;InfinityDome;5.1
Shorts 4+: Spiel Kino;sat;10:00;14;Koki;7.6
Togoland Projections | Togoland Projektionen;sat;10:15;96;CineStar 7;6.7
Ellos eatnu – La elva leve | Let the River Flow;sat;10:30;122;CineStar 3;7.7
Du levande | You, the Living | Das jüngste Gewitter;sat;10:45;93;CineStar 2;7.4
Máhccan – Kotiinpaluu | Homecoming;sat;10:45;77;Filmhaus 1;7.6
Nordic Shorts 5: Broken Connections;sat;12:30;87;Koki;7.0
Helke Sander: Aufräumen | Helke Sander: Cleaning House;sat;13:15;82;CineStar 7;6.9
Å Øve | Practice;sat;13:30;79;Kolosseum;7.6
Legend of the Enchanted Reef | Die Legende des Zauberriffs;sat;14:00;43;InfinityDome;4.3
Stille Liv | The Quiet Migration;sat;16:30;102;CineStar 3;6.3
Je'vida;sat;19:00;99;CineStar 5;7.5
Aniden | Suddenly;sat;19:15;115;CineStar 7;7.3
De umyndige | Bravehearts;sat;19:15;71;CineStar 1;7.7
Poetas | The Poet;sat;19:30;112;CineStar 3;7.3
Nordic Shorts 1: Cracks in the Exterior;sat;20:00;71;Koki;8.6
Verden er uskarp | The World Is Out Of Focus;sat;22:00;71;CineStar 5;6.1
Nordic Shorts 2: Inbetween;sat;22:15;83;CineStar 1;7.0
Sigade revolutsioon | Revolution of Pigs | Revolution der Schweine;sat;22:15;98;CineStar 4;6.5
Vintersaga;sat;22:30;81;Kolosseum;7.3
Handen på Hjärtat | Out of Touch;sat;22:45;132;CineStar 2;6.9
Tatort – Borowski und das unschuldige Kind von Wacken | Tatort – Borowski and the Innocent Child of Wacken;sun;10:15;88;CineStar 7;5.3
Tillsammans 99 | Together 99;sun;10:30;115;Kolosseum;6.5
Opus 136;sun;11:44;10;InfinityDome;6.7
Dancing Queen;sun;13:15;90;CineStar 1;7.5
Bastarden | The Promised Land | King’s Land;sun;13:30;127;CineStar 3;6.9
Omnejd;sun;14:30;43;InfinityDome;7.0
Ellos eatnu – La elva leve | Let the River Flow;sun;16:45;122;CineStar 2;7.7
Shorts 14+: Eine Handbreit über dem Boden;sun;19:15;73;CineStar 1;7.7
Paradiset Brinner | Paradise Is Burning;sun;19:30;108;CineStar 3;6.8
!Aitsa;sun;19:45;89;CineStar 6;8.8
En duva satt på en gren och funderade på tilvaron | A Pigeon Sat on a Branch Reflecting on Existence | Eine Taube sitzt auf einem Zweig und denkt über das Leben nach;sun;19:45;101;CineStar 2;6.9
Tillsammans! | Together! | Zusammen!;sun;20:00;106;Koki;7.4