Huset | Prisoner;thu;10:00;118;Koki;7.6
Tillsammans 99 | Together 99;thu;10:00;115;CineStar 5;6.5
Dancing Queen;thu;10:15;90;CineStar 1;7.5
El sueño de la Sultana | Sultana's Dream | Sultanas Traum;thu;10:15;86;CineStar 4;6.8
København findes ikke | Copenhagen Does Not Exist;thu;10:30;99;CineStar 3;5.9
Future North Präsentation: Indigenes Filmschaffen;thu;10:45;120;Filmhaus 1;6.6
Revir – En fortælling om det dyrebare | Revir – Everything You Hold Dear;thu;10:45;83;CineStar 6;6.8
Roy Andersson: Die frühen Jahre;thu;10:45;71;CineStar 2;6.6
Mummola | Family Time;fri;10:00;116;CineStar 5;6.4
Päikeseaeg | Sundial;fri;10:00;65;Koki;6.6
Forvandlingen – frihed kommer indefra | It's Always Been Me;fri;10:15;72;CineStar 1;6.8
Hugo Hercules & The Wild West / The Artist W. H. D. Koerner;fri;10:15;88;CineStar 7;8.3
København findes ikke | Copenhagen Does Not Exist;fri;10:15;99;CineStar 4;5.9
Å Øve | Practice;fri;10:30;79;CineStar 3;7.5
Future North Präsentation: Baltisches Filmschaffen;fri;10:45;45;Filmhaus 1;8.9
Miraklet i Gullspång | The Gullspång Miracle;fri;10:45;109;CineStar 6;8.3
Om det oändliga | About Endlessness | Über die Unendlichkeit;fri;10:45;78;CineStar 2;6.8
Overview;fri;11:15;32;InfinityDome;5.5
Opus 136;fri;11:47;10;InfinityDome;7.0
Arkitekten | The Architect;sat;10:00;76;CineStar 5;6.9
Lübeck Hoch 3: Labor Immersive Medien und digitale Kreation;sat;10:00;120;InfinityDome;8.3
Shorts 4+: Spiel Kino;sat;10:00;14;Koki;7.7
Den siste filmen | The Last Movie;sat;10:15;83;CineStar 4;8.3
Roselil og stentrolden | Rosa and the Stone Troll;sat;10:15;75;CineStar 1;7.3
Togoland Projections | Togoland Projektionen;sat;10:15;96;CineStar 7;8.7
Ellos eatnu – La elva leve | Let the River Flow;sat;10:30;122;CineStar 3;7.7
Inger & det dårlige selskab | Mrs Hansen & The Bad Companions;sat;10:30;90;Filmhaus 2;8.2
Slow;sat;10:30;108;Kolosseum;7.5
Du levande | You, the Living | Das jüngste Gewitter;sat;10:45;93;CineStar 2;7.4
Máhccan – Kotiinpaluu | Homecoming;sat;10:45;77;Filmhaus 1;7.6
Svārstības | Before the Light;sat;10:45;75;CineStar 6;5.7
Je'vida;sun;10:00;99;CineStar 5;7.5
Nordic Shorts 4: The Nuclear Family;sun;10:00;73;Koki;8.0
Um Menino;sun;10:00;49;InfinityDome;3.8
Nelly Rapp – Dödens spegel | Nelly Rapp – The Secret of the Black Forest;sun;10:15;95;CineStar 1;6.7
Tatort – Borowski und das unschuldige Kind von Wacken | Tatort – Borowski and the Innocent Child of Wacken;sun;10:15;88;CineStar 7;6.4
Ung Flukt | The Wayward Girl | Die jungen Sünder;sun;10:15;94;CineStar 4;6.6
Tillsammans 99 | Together 99;sun;10:30;115;Kolosseum;6.5
Verden er uskarp | The World Is Out Of Focus;sun;10:30;71;Filmhaus 2;6.8
Vintersaga;sun;10:30;81;CineStar 3;7.3
Heartist;sun;10:45;51;CineStar 6;7.9
Hør her'a! | Listen Up!;sun;10:45;86;CineStar 2;6.9
Päikeseaeg | Sundial;sun;10:45;65;Filmhaus 1;6.6
Aurora - Wunderbares Polarlicht;sun;11:15;29;InfinityDome;7.1
Opus 136;sun;11:44;10;InfinityDome;7.0