Titina | Titina – Ein tierisches Abenteuer am Nordpol;wed;16:15;92;CineStar 1;7.1
Nordic Shorts 1: Cracks in the Exterior;wed;16:45;71;CineStar 2;5.9
Huset | Prisoner;wed;19:00;118;CineStar 5;7.6
Nordic Shorts 2: Inbetween;wed;19:45;83;CineStar 2;7.3
VR Expanded;wed;20:30;84;InfinityDome;7.6
Ilveskuiskaaja | Lynx Man;wed;22:00;82;CineStar 5;7.8
Poetas | The Poet;wed;22:15;112;CineStar 4;7.3
Tilverur | Solitude;wed;22:30;75;Kolosseum;7.7
Tilverur | Solitude;wed;22:30;75;Kolosseum;7.7
Tillsammans 99 | Together 99;thu;10:00;115;CineStar 5;6.5
El sueño de la Sultana | Sultana's Dream | Sultanas Traum;thu;10:15;86;CineStar 4;6.8
København findes ikke | Copenhagen Does Not Exist;thu;10:30;99;CineStar 3;5.9
Stille Liv | The Quiet Migration;thu;13:00;102;CineStar 5;6.3
Gategutter | Boys From the Streets | Gassenjungen;thu;13:15;77;CineStar 4;6.5
Nelly Rapp – Dödens spegel | Nelly Rapp – The Secret of the Black Forest;thu;13:15;95;CineStar 1;6.7
Det är en dag imorgon också | Tomorrow's Another Day;thu;15:00;90;Koki;7.4
Für Immer | For Ever;thu;16:15;87;CineStar 7;7.5
Neona Pavasaris | Neon Spring;thu;16:15;102;CineStar 1;5.9
Å Øve | Practice;thu;16:30;79;Kolosseum;8.3
Shorts 14+: Eine Handbreit über dem Boden;thu;16:45;73;CineStar 2;6.8
VR Expanded;thu;17:00;84;InfinityDome;7.6
Und dass man ohne Täuschung zu leben vermag | Of Living Without Illusion;thu;19:15;109;CineStar 7;5.8
Käpy selän alla | Under Your Skin | Tannenzapfen unter dem Rücken;thu;22:15;89;CineStar 4;6.7
Nordic Shorts 4: The Nuclear Family;thu;22:15;74;CineStar 1;7.2
Mummola | Family Time;thu;22:30;116;CineStar 3;7.2
Forvandlingen – frihed kommer indefra | It's Always Been Me;fri;10:15;72;CineStar 1;7.7
Cinéma Laika | Cinema Laika | Kino Laika;fri;13:45;81;CineStar 6;8.1
Handen på Hjärtat | Out of Touch;fri;15:00;132;Koki;6.9
Shorts 10+: Verborgene Orte;fri;16:15;78;CineStar 1;6.1
Je'vida;fri;16:30;99;CineStar 3;7.5
Die Amitié | Amitié;fri;19:15;102;CineStar 7;8.3
Savvusanna sõsarad | Smoke Sauna Sisterhood;fri;22:00;89;CineStar 5;7.8
Nordic Shorts 5: Broken Connections;fri;22:15;87;CineStar 1;5.8
Svārstības | Before the Light;fri;22:30;75;Koki;7.0
Tillsammans 99 | Together 99;fri;22:45;115;CineStar 2;6.5
Neona Pavasaris | Neon Spring;sat;13:45;102;CineStar 2;5.9
Superposition;sat;19:30;102;Kolosseum;6.3
Ola – En helt vanlig uvanlig fyr | Being Ola;sat;19:45;72;CineStar 6;7.7
Morden im Norden – Am Abgrund;sat;22:15;88;CineStar 7;5.8
Sigade revolutsioon | Revolution of Pigs | Revolution der Schweine;sat;22:15;98;CineStar 4;6.3
Nordic Shorts 3: Real Fake Truths;sat;22:30;74;Koki;5.5
Vintersaga;sat;22:30;81;Kolosseum;7.3
Handen på Hjärtat | Out of Touch;sat;22:45;132;CineStar 2;6.9
Nordic Shorts 4: The Nuclear Family;sun;10:00;73;Koki;7.2
Tatort – Borowski und das unschuldige Kind von Wacken | Tatort – Borowski and the Innocent Child of Wacken;sun;10:15;88;CineStar 7;8.0
Tillsammans 99 | Together 99;sun;10:30;115;Kolosseum;6.5
Opus 136;sun;11:44;10;InfinityDome;6.9
Filmforum Shorts: In nördlichen Breiten;sun;13:15;70;CineStar 7;7.9
Piratene | Pirates | Die Piraten;sun;13:15;93;CineStar 4;7.6
Bastarden | The Promised Land | King’s Land;sun;13:30;127;CineStar 3;7.8
Forvandlingen – frihed kommer indefra | It's Always Been Me;sun;16:15;72;CineStar 1;7.7
Forvandlingen – frihed kommer indefra | It's Always Been Me;sun;16:15;72;CineStar 1;7.7
Superposition;sun;16:30;102;Kolosseum;6.3
Superposition;sun;16:30;102;Kolosseum;6.3
VR Expanded;sun;18:15;84;InfinityDome;7.6
Shorts 14+: Eine Handbreit über dem Boden;sun;19:15;73;CineStar 1;6.8