Nordic Shorts 1: Cracks in the Exterior;wed;16:45;71;CineStar 2;3.7
Nordic Shorts 2: Inbetween;wed;19:45;83;CineStar 2;6.4
Twice Colonized;wed;19:45;92;CineStar 6;6.4
Ilveskuiskaaja | Lynx Man;wed;22:00;82;CineStar 5;7.8
Nordic Shorts 3: Real Fake Truths;wed;22:15;74;CineStar 1;7.7
Poetas | The Poet;wed;22:15;112;CineStar 4;7.3
Dancing Queen;thu;10:15;90;CineStar 1;7.5
Nordic Shorts 2: Inbetween;thu;12:30;83;Koki;6.4
Blomster;thu;13:45;65;CineStar 2;5.9
The Small Confession + 511 Best Photographs of Mars;thu;16:15;98;CineStar 4;7.8
Shorts 14+: Eine Handbreit über dem Boden;thu;16:45;73;CineStar 2;7.2
Being a Human Person;thu;17:30;90;Koki;7.6
Nordic Shorts 4: The Nuclear Family;thu;22:15;74;CineStar 1;8.0
Miraklet i Gullspång | The Gullspång Miracle;thu;22:30;109;Koki;8.3
Hugo Hercules & The Wild West / The Artist W. H. D. Koerner;fri;10:15;88;CineStar 7;8.3
Miraklet i Gullspång | The Gullspång Miracle;fri;10:45;109;CineStar 6;8.3
Om det oändliga | About Endlessness | Über die Unendlichkeit;fri;10:45;78;CineStar 2;6.8
Nordic Shorts 4: The Nuclear Family;fri;12:30;73;Koki;8.0
Roselil og stentrolden | Rosa and the Stone Troll;fri;13:15;75;CineStar 1;7.3
Hør her'a! | Listen Up!;fri;13:45;86;CineStar 2;6.9
A Sentimental Short Story + Motorcycle Summer;fri;16:15;81;CineStar 4;7.7
Filmforum Shorts: (Be)Rauschend;fri;16:15;54;CineStar 7;5.5
Shorts 10+: Verborgene Orte;fri;16:15;78;CineStar 1;7.8
Poetas | The Poet;fri;16:30;112;Kolosseum;7.3
Nordic Shorts 5: Broken Connections;fri;22:15;87;CineStar 1;4.2
Svārstības | Before the Light;fri;22:30;75;Koki;5.7
Ilveskuiskaaja | Lynx Man;fri;22:45;82;CineStar 6;7.8
Shorts 4+: Spiel Kino;sat;10:00;14;Koki;7.7
Roselil og stentrolden | Rosa and the Stone Troll;sat;10:15;75;CineStar 1;7.3
Svārstības | Before the Light;sat;10:45;75;CineStar 6;5.7
Nordic Shorts 5: Broken Connections;sat;12:30;87;Koki;4.2
Heartist;sat;13:00;51;CineStar 5;7.9
Shorts 10+: Verborgene Orte;sat;13:15;78;CineStar 1;7.8
Shorts: Miteinander;sat;14:30;79;Koki;5.6
Hugo Hercules & The Wild West / The Artist W. H. D. Koerner;sat;16:15;88;CineStar 7;8.3
Poetas | The Poet;sat;19:30;112;CineStar 3;7.3
Nordic Shorts 1: Cracks in the Exterior;sat;20:00;71;Koki;3.7
Nordic Shorts 2: Inbetween;sat;22:15;83;CineStar 1;6.4
Nordic Shorts 3: Real Fake Truths;sat;22:30;74;Koki;7.7
Nordic Shorts 4: The Nuclear Family;sun;10:00;73;Koki;8.0
Heartist;sun;10:45;51;CineStar 6;7.9
Hør her'a! | Listen Up!;sun;10:45;86;CineStar 2;6.9
Dancing Queen;sun;13:15;90;CineStar 1;7.5
Blomster;sun;13:45;65;CineStar 2;5.9
Twice Colonized;sun;16:45;92;CineStar 6;6.4
Poetas | The Poet;sun;19:15;112;CineStar 4;7.3
Shorts 14+: Eine Handbreit über dem Boden;sun;19:15;73;CineStar 1;7.2
En duva satt på en gren och funderade på tilvaron | A Pigeon Sat on a Branch Reflecting on Existence | Eine Taube sitzt auf einem Zweig und denkt über das Leben nach;sun;19:45;101;CineStar 2;6.9