København findes ikke | Copenhagen Does Not Exist;thu;10:30;99;CineStar 3;5.9
Blomster;thu;13:45;65;CineStar 2;5.9
Neona Pavasaris | Neon Spring;thu;16:15;102;CineStar 1;5.9
Und dass man ohne Täuschung zu leben vermag | Of Living Without Illusion;thu;19:15;109;CineStar 7;5.8
København findes ikke | Copenhagen Does Not Exist;fri;10:15;99;CineStar 4;5.9
Und dass man ohne Täuschung zu leben vermag | Of Living Without Illusion;fri;13:00;109;CineStar 5;5.8
Medan staden sover | While the City Sleeps;fri;19:15;102;CineStar 4;5.9
Neona Pavasaris | Neon Spring;sat;13:45;102;CineStar 2;5.9
Legend of the Enchanted Reef | Die Legende des Zauberriffs;sat;14:00;43;InfinityDome;4.3
København findes ikke | Copenhagen Does Not Exist;sat;16:00;99;CineStar 5;5.9
Morden im Norden – Am Abgrund;sat;22:15;88;CineStar 7;5.8
Um Menino;sun;10:00;49;InfinityDome;3.8
Blomster;sun;13:45;65;CineStar 2;5.9
Liv | Das Mädchen Liv;sun;16:15;88;CineStar 4;5.7
København findes ikke | Copenhagen Does Not Exist;sun;19:00;99;CineStar 5;5.9