Heima er best | Descendants;wed;20:00;90;Koki;5.9
Revir – En fortælling om det dyrebare | Revir – Everything You Hold Dear;wed;22:30;83;Koki;6.8
Huset | Prisoner;thu;10:00;118;Koki;7.6
Nordic Shorts 2: Inbetween;thu;12:30;83;Koki;8.1
Det är en dag imorgon också | Tomorrow's Another Day;thu;15:00;90;Koki;7.4
Being a Human Person;thu;17:30;90;Koki;7.6
Estonia;thu;20:00;90;Koki;6.9
Miraklet i Gullspång | The Gullspång Miracle;thu;22:30;109;Koki;8.3
Päikeseaeg | Sundial;fri;10:00;65;Koki;6.6
Nordic Shorts 4: The Nuclear Family;fri;12:30;73;Koki;6.5
Handen på Hjärtat | Out of Touch;fri;15:00;132;Koki;6.9
Arkitekten | The Architect;fri;17:30;76;Koki;6.9
Heima er best | Descendants;fri;20:00;90;Koki;5.9
Svārstības | Before the Light;fri;22:30;75;Koki;7.4
Arkitekten | The Architect;sat;10:00;76;CineStar 5;6.9
Shorts 4+: Spiel Kino;sat;10:00;14;Koki;7.7
Shorts 4+: Spiel Kino;sat;10:00;14;Koki;7.7
Togoland Projections | Togoland Projektionen;sat;10:15;96;CineStar 7;5.7
Nordic Shorts 5: Broken Connections;sat;12:30;87;Koki;8.2
Shorts: Miteinander;sat;14:30;79;Koki;6.8
Shorts 16+: Wohin mit unseren Träumen?;sat;17:30;73;Koki;8.4
Nordic Shorts 1: Cracks in the Exterior;sat;20:00;71;Koki;7.2
Nordic Shorts 3: Real Fake Truths;sat;22:30;74;Koki;7.0
Nordic Shorts 4: The Nuclear Family;sun;10:00;73;Koki;6.5
Afturelding | Coach | Balls;sun;13:30;88;Koki;7.9
And the King Said, What a Fantastic Machine | Fantastic Machine;sun;15:00;85;Koki;7.2
Estonia;sun;17:30;90;Koki;6.9
Tillsammans! | Together! | Zusammen!;sun;20:00;106;Koki;7.4