Titina | Titina – Ein tierisches Abenteuer am Nordpol;wed;16:15;92;CineStar 1;7.1
Norwegian Dream;wed;19:15;97;CineStar 1;6.6
Dancing Queen;thu;10:15;90;CineStar 1;7.5
Nelly Rapp – Dödens spegel | Nelly Rapp – The Secret of the Black Forest;thu;13:15;95;CineStar 1;6.7
Blomster;thu;13:45;65;CineStar 2;5.9
Neona Pavasaris | Neon Spring;thu;16:15;102;CineStar 1;5.9
Shorts 14+: Eine Handbreit über dem Boden;thu;16:45;73;CineStar 2;7.3
De umyndige | Bravehearts;thu;19:15;71;CineStar 1;7.1
Shorts 16+: Wohin mit unseren Träumen?;thu;19:45;73;CineStar 2;8.4
Forvandlingen – frihed kommer indefra | It's Always Been Me;fri;10:15;72;CineStar 1;7.0
Roselil og stentrolden | Rosa and the Stone Troll;fri;13:15;75;CineStar 1;7.3
Hør her'a! | Listen Up!;fri;13:45;86;CineStar 2;6.9
Shorts 10+: Verborgene Orte;fri;16:15;78;CineStar 1;5.6
Norwegian Dream;fri;19:15;97;CineStar 1;6.6
Shorts 4+: Spiel Kino;sat;10:00;14;Koki;7.7
Roselil og stentrolden | Rosa and the Stone Troll;sat;10:15;75;CineStar 1;7.3
Shorts 10+: Verborgene Orte;sat;13:15;78;CineStar 1;5.6
Neona Pavasaris | Neon Spring;sat;13:45;102;CineStar 2;5.9
Titina | Titina – Ein tierisches Abenteuer am Nordpol;sat;16:15;92;CineStar 1;7.1
Shorts 16+: Wohin mit unseren Träumen?;sat;17:30;73;Koki;8.4
De umyndige | Bravehearts;sat;19:15;71;CineStar 1;7.1
Nelly Rapp – Dödens spegel | Nelly Rapp – The Secret of the Black Forest;sun;10:15;95;CineStar 1;6.7
Hør her'a! | Listen Up!;sun;10:45;86;CineStar 2;6.9
Dancing Queen;sun;13:15;90;CineStar 1;7.5
Blomster;sun;13:45;65;CineStar 2;5.9
Forvandlingen – frihed kommer indefra | It's Always Been Me;sun;16:15;72;CineStar 1;7.0
Shorts 14+: Eine Handbreit über dem Boden;sun;19:15;73;CineStar 1;7.3