And the King Said, What a Fantastic Machine | Fantastic Machine;wed;16:45;85;CineStar 6;7.2
Für Immer | For Ever;thu;16:15;87;CineStar 7;7.5
Å Øve | Practice;thu;16:30;79;Kolosseum;6.2
Shorts 16+: Wohin mit unseren Träumen?;thu;19:45;73;CineStar 2;8.4
Slow;thu;22:00;108;CineStar 5;7.5
Å Øve | Practice;fri;10:30;79;CineStar 3;6.2
Om det oändliga | About Endlessness | Über die Unendlichkeit;fri;10:45;78;CineStar 2;6.8
Und dass man ohne Täuschung zu leben vermag | Of Living Without Illusion;fri;13:00;109;CineStar 5;5.8
Slow;fri;13:30;108;CineStar 3;7.5
Fedrelandet | Songs of Earth;fri;19:45;90;CineStar 6;7.3
Mein Falke | My Falcon;fri;22:15;105;CineStar 7;6.4
Slow;sat;10:30;108;Kolosseum;7.5
Å Øve | Practice;sat;13:30;79;Kolosseum;6.2
Fedrelandet | Songs of Earth;sat;13:45;90;CineStar 6;7.3
Shorts 16+: Wohin mit unseren Träumen?;sat;17:30;73;Koki;8.4
Morden im Norden – Am Abgrund;sat;22:15;88;CineStar 7;5.8
Tatort – Borowski und das unschuldige Kind von Wacken | Tatort – Borowski and the Innocent Child of Wacken;sun;10:15;88;CineStar 7;5.4
Å Øve | Practice;sun;13:00;79;CineStar 5;6.2
Piratene | Pirates | Die Piraten;sun;13:15;93;CineStar 4;5.9
And the King Said, What a Fantastic Machine | Fantastic Machine;sun;15:00;85;Koki;7.2
Slow;sun;19:30;108;Kolosseum;7.5