Nordic Shorts 1: Cracks in the Exterior;wed;16:45;71;CineStar 2;6.2
Elaha;wed;18:15;110;CineStar 7;7.6
Huset | Prisoner;wed;19:00;118;CineStar 5;7.6
Twice Colonized;wed;19:45;92;CineStar 6;6.4
Heima er best | Descendants;wed;20:00;90;Koki;8.1
VR Expanded;wed;20:30;84;InfinityDome;7.5
Ilveskuiskaaja | Lynx Man;wed;22:00;82;CineStar 5;7.8
Poetas | The Poet;wed;22:15;112;CineStar 4;7.3
El sueño de la Sultana | Sultana's Dream | Sultanas Traum;thu;10:15;86;CineStar 4;6.8
Waldhusener Forst – Wald voller Geschichten | Waldhusener Forst – Forest of Stories;thu;12:30;25;InfinityDome;8.0
Gategutter | Boys From the Streets | Gassenjungen;thu;13:15;77;CineStar 4;6.5
Nelly Rapp – Dödens spegel | Nelly Rapp – The Secret of the Black Forest;thu;13:15;95;CineStar 1;6.7
Superposition;thu;13:30;102;CineStar 3;6.3
Blomster;thu;13:45;65;CineStar 2;5.9
Máhccan – Kotiinpaluu | Homecoming;thu;13:45;77;CineStar 6;7.6
Für Immer | For Ever;thu;16:15;87;CineStar 7;7.5
Neona Pavasaris | Neon Spring;thu;16:15;102;CineStar 1;5.9
The Small Confession + 511 Best Photographs of Mars;thu;16:15;98;CineStar 4;7.8
Å Øve | Practice;thu;16:30;79;Kolosseum;7.3
Å Øve | Practice;thu;16:30;79;Kolosseum;7.3
VR Expanded;thu;17:00;84;InfinityDome;7.5
Tilverur | Solitude;thu;19:00;75;CineStar 5;7.7
Und dass man ohne Täuschung zu leben vermag | Of Living Without Illusion;thu;19:15;109;CineStar 7;5.8
Bastarden | The Promised Land | King’s Land;thu;19:30;127;CineStar 3;7.8
Bastarden | The Promised Land | King’s Land;thu;19:30;127;CineStar 3;7.8
100 Jahre Planetarien;thu;20:15;58;InfinityDome;7.7
100 Jahre Planetarien;thu;20:15;58;InfinityDome;7.7
Slow;thu;22:00;108;CineStar 5;7.5
Käpy selän alla | Under Your Skin | Tannenzapfen unter dem Rücken;thu;22:15;89;CineStar 4;6.7
Shorts: Leben im Konflikt;thu;22:15;72;CineStar 7;7.3
Miraklet i Gullspång | The Gullspång Miracle;thu;22:30;109;Koki;8.3
Den siste filmen | The Last Movie;thu;22:45;83;CineStar 6;8.3
Ola – En helt vanlig uvanlig fyr | Being Ola;thu;22:45;72;CineStar 2;7.7
Mummola | Family Time;fri;10:00;116;CineStar 5;7.6
Forvandlingen – frihed kommer indefra | It's Always Been Me;fri;10:15;72;CineStar 1;7.3
Forvandlingen – frihed kommer indefra | It's Always Been Me;fri;10:15;72;CineStar 1;7.3
Forvandlingen – frihed kommer indefra | It's Always Been Me;fri;10:15;72;CineStar 1;7.3
Hugo Hercules & The Wild West / The Artist W. H. D. Koerner;fri;10:15;88;CineStar 7;6.8
Å Øve | Practice;fri;10:30;79;CineStar 3;7.3
Overview;fri;11:15;32;InfinityDome;7.1
Nordic Shorts 4: The Nuclear Family;fri;12:30;73;Koki;7.8
Und dass man ohne Täuschung zu leben vermag | Of Living Without Illusion;fri;13:00;109;CineStar 5;5.8
Hammerbrook Blues;fri;13:15;65;CineStar 7;7.2
Cinéma Laika | Cinema Laika | Kino Laika;fri;13:45;81;CineStar 6;8.1
Superposition;fri;16:00;102;CineStar 5;6.3
Filmforum Shorts: (Be)Rauschend;fri;16:15;54;CineStar 7;8.8
Shorts 10+: Verborgene Orte;fri;16:15;78;CineStar 1;7.8
Je'vida;fri;16:30;99;CineStar 3;7.5
Poetas | The Poet;fri;16:30;112;Kolosseum;7.3
100 Jahre Planetarien;fri;16:45;58;InfinityDome;7.7
VR Expanded;fri;18:15;84;InfinityDome;7.5
Medan staden sover | While the City Sleeps;fri;19:15;102;CineStar 4;5.9
Norwegian Dream;fri;19:15;97;CineStar 1;6.6
Paradiset Brinner | Paradise Is Burning;fri;19:30;108;CineStar 3;6.8
Stille Liv | The Quiet Migration;fri;19:30;102;Kolosseum;6.3
Heima er best | Descendants;fri;20:00;90;Koki;8.1
Lasse og Geir | Them and Us | Lasse und Geir;fri;22:15;91;CineStar 4;6.4
Ellos eatnu – La elva leve | Let the River Flow;fri;22:30;122;CineStar 3;7.7
Svārstības | Before the Light;fri;22:30;75;Koki;4.7
Ilveskuiskaaja | Lynx Man;fri;22:45;82;CineStar 6;7.8
Tillsammans 99 | Together 99;fri;22:45;115;CineStar 2;6.5
Arkitekten | The Architect;sat;10:00;76;CineStar 5;6.9
Arkitekten | The Architect;sat;10:00;76;CineStar 5;6.9
Lübeck Hoch 3: Labor Immersive Medien und digitale Kreation;sat;10:00;120;InfinityDome;7.1
Du levande | You, the Living | Das jüngste Gewitter;sat;10:45;93;CineStar 2;7.4
Du levande | You, the Living | Das jüngste Gewitter;sat;10:45;93;CineStar 2;7.4
Shorts 10+: Verborgene Orte;sat;13:15;78;CineStar 1;7.8
Å Øve | Practice;sat;13:30;79;Kolosseum;7.3
Mummola | Family Time;sat;13:30;116;CineStar 3;7.6
Fedrelandet | Songs of Earth;sat;13:45;90;CineStar 6;7.3
Hugo Hercules & The Wild West / The Artist W. H. D. Koerner;sat;16:15;88;CineStar 7;6.8
Spiele für Schulkinder + estnische Kurzfilme;sat;16:15;108;CineStar 4;6.2
Liv Ullmann – A Road Less Travelled;sat;16:45;102;CineStar 6;7.6
Vi lover et helvete | Saving the Fucking Planet E1-3;sat;16:45;210;CineStar 2;8.1
Shorts 16+: Wohin mit unseren Träumen?;sat;17:30;73;Koki;7.2
De umyndige | Bravehearts;sat;19:15;71;CineStar 1;8.1
Poetas | The Poet;sat;19:30;112;CineStar 3;7.3
Vi lover et helvete | Saving the Fucking Planet E4-6;sat;19:45;210;CineStar 2;7.6
Verden er uskarp | The World Is Out Of Focus;sat;22:00;71;CineStar 5;8.2
Nordic Shorts 3: Real Fake Truths;sat;22:30;74;Koki;7.3
Nordic Shorts 3: Real Fake Truths;sat;22:30;74;Koki;7.3
Handen på Hjärtat | Out of Touch;sat;22:45;132;CineStar 2;6.9
Tatort – Borowski und das unschuldige Kind von Wacken | Tatort – Borowski and the Innocent Child of Wacken;sun;10:15;88;CineStar 7;8.4
Ung Flukt | The Wayward Girl | Die jungen Sünder;sun;10:15;94;CineStar 4;6.6
Tillsammans 99 | Together 99;sun;10:30;115;Kolosseum;6.5
Verden er uskarp | The World Is Out Of Focus;sun;10:30;71;Filmhaus 2;8.2
Hør her'a! | Listen Up!;sun;10:45;86;CineStar 2;6.9
Päikeseaeg | Sundial;sun;10:45;65;Filmhaus 1;6.6
Omnejd;sun;14:30;43;InfinityDome;7.3
And the King Said, What a Fantastic Machine | Fantastic Machine;sun;15:00;85;Koki;7.2
Tilverur | Solitude;sun;16:00;75;CineStar 5;7.7
Eine Geschichte des Sternentheaters – Multimedialer Vortrag von Tobias Wiethoff | A History of Star Theater – Multi Media Lecture by Tobias Wiethoff;sun;16:15;75;InfinityDome;7.6
Liv | Das Mädchen Liv;sun;16:15;88;CineStar 4;5.7
Superposition;sun;16:30;102;Kolosseum;6.3
Twice Colonized;sun;16:45;92;CineStar 6;6.4
VR Expanded;sun;18:15;84;InfinityDome;7.5
København findes ikke | Copenhagen Does Not Exist;sun;19:00;99;CineStar 5;5.9
Poetas | The Poet;sun;19:15;112;CineStar 4;7.3
Savvusanna sõsarad | Smoke Sauna Sisterhood;sun;19:15;89;CineStar 7;7.8
Paradiset Brinner | Paradise Is Burning;sun;19:30;108;CineStar 3;6.8
Slow;sun;19:30;108;Kolosseum;7.5