Huset | Prisoner;wed;19:00;118;CineStar 5;7.6
Tillsammans 99 | Together 99;wed;19:30;115;Kolosseum;6.5
Twice Colonized;wed;19:45;92;CineStar 6;6.4
VR Expanded;wed;20:30;84;InfinityDome;7.5
El sueño de la Sultana | Sultana's Dream | Sultanas Traum;wed;21:15;86;CineStar 7;6.8
Nordic Shorts 3: Real Fake Truths;wed;22:15;74;CineStar 1;7.3
Poetas | The Poet;wed;22:15;112;CineStar 4;7.3
Die Saat | The Seed;wed;22:45;82;CineStar 6;7.6
Dancing Queen;thu;10:15;90;CineStar 1;7.5
Future North Präsentation: Indigenes Filmschaffen;thu;10:45;120;Filmhaus 1;4.9
Revir – En fortælling om det dyrebare | Revir – Everything You Hold Dear;thu;10:45;83;CineStar 6;6.8
Waldhusener Forst – Wald voller Geschichten | Waldhusener Forst – Forest of Stories;thu;12:30;25;InfinityDome;8.0
Elaha;thu;13:15;110;CineStar 7;7.6
Gategutter | Boys From the Streets | Gassenjungen;thu;13:15;77;CineStar 4;6.5
Nelly Rapp – Dödens spegel | Nelly Rapp – The Secret of the Black Forest;thu;13:15;95;CineStar 1;6.7
Paradiset Brinner | Paradise Is Burning;thu;13:30;108;Kolosseum;6.8
Blomster;thu;13:45;65;CineStar 2;5.9
Det är en dag imorgon också | Tomorrow's Another Day;thu;15:00;90;Koki;7.4
Die Saat | The Seed;thu;16:00;82;CineStar 5;7.6
Neona Pavasaris | Neon Spring;thu;16:15;102;CineStar 1;5.9
The Small Confession + 511 Best Photographs of Mars;thu;16:15;98;CineStar 4;7.8
Å Øve | Practice;thu;16:30;79;Kolosseum;7.3
!Aitsa;thu;16:45;89;CineStar 6;8.8
Shorts 16+: Wohin mit unseren Träumen?;thu;19:45;73;CineStar 2;7.2
Käpy selän alla | Under Your Skin | Tannenzapfen unter dem Rücken;thu;22:15;89;CineStar 4;6.7
Miraklet i Gullspång | The Gullspång Miracle;thu;22:30;109;Koki;8.3
Ola – En helt vanlig uvanlig fyr | Being Ola;thu;22:45;72;CineStar 2;7.7
Å Øve | Practice;fri;10:30;79;CineStar 3;7.3
Miraklet i Gullspång | The Gullspång Miracle;fri;10:45;109;CineStar 6;8.3
Opus 136;fri;11:47;10;InfinityDome;4.7
Und dass man ohne Täuschung zu leben vermag | Of Living Without Illusion;fri;13:00;109;CineStar 5;5.8
Und dass man ohne Täuschung zu leben vermag | Of Living Without Illusion;fri;13:00;109;CineStar 5;5.8
Dom kallar oss mods | They Call Us Misfits | Sie nennen uns Mods;fri;13:15;100;CineStar 4;7.3
Slow;fri;13:30;108;CineStar 3;7.5
Tilverur | Solitude;fri;13:30;75;Kolosseum;7.7
Cinéma Laika | Cinema Laika | Kino Laika;fri;13:45;81;CineStar 6;8.1
Handen på Hjärtat | Out of Touch;fri;15:00;132;Koki;6.9
Drones of the Deep | Drones of the Deep - multimedia presentation by Tom Kwasnitschka | Ein Spaziergang auf dem Meeresgrund – Multimedialer Vortrag von Tom Kwasnitschka;fri;15:15;45;InfinityDome;6.9
Filmforum Shorts: (Be)Rauschend;fri;16:15;54;CineStar 7;8.8
Medan staden sover | While the City Sleeps;fri;19:15;102;CineStar 4;5.9
Norwegian Dream;fri;19:15;97;CineStar 1;6.6
Paradiset Brinner | Paradise Is Burning;fri;19:30;108;CineStar 3;6.8
Fedrelandet | Songs of Earth;fri;19:45;90;CineStar 6;7.3
Savvusanna sõsarad | Smoke Sauna Sisterhood;fri;22:00;89;CineStar 5;7.8
Lasse og Geir | Them and Us | Lasse und Geir;fri;22:15;91;CineStar 4;6.4
Mein Falke | My Falcon;fri;22:15;105;CineStar 7;5.9
Nordic Shorts 5: Broken Connections;fri;22:15;87;CineStar 1;6.7
Bastarden | The Promised Land | King’s Land;fri;22:30;127;Kolosseum;7.1
Tillsammans 99 | Together 99;fri;22:45;115;CineStar 2;6.5
Lübeck Hoch 3: Labor Immersive Medien und digitale Kreation;sat;10:00;120;InfinityDome;7.1
Roselil og stentrolden | Rosa and the Stone Troll;sat;10:15;75;CineStar 1;7.3
Ellos eatnu – La elva leve | Let the River Flow;sat;10:30;122;CineStar 3;7.7
Inger & det dårlige selskab | Mrs Hansen & The Bad Companions;sat;10:30;90;Filmhaus 2;8.2
Heartist;sat;13:00;51;CineStar 5;7.9
Å Øve | Practice;sat;13:30;79;Kolosseum;7.3
Mummola | Family Time;sat;13:30;116;CineStar 3;7.6
Fedrelandet | Songs of Earth;sat;13:45;90;CineStar 6;7.3
Hugo Hercules & The Wild West / The Artist W. H. D. Koerner;sat;16:15;88;CineStar 7;6.8
Titina | Titina – Ein tierisches Abenteuer am Nordpol;sat;16:15;92;CineStar 1;7.1
Bastarden | The Promised Land | King’s Land;sat;16:30;127;Kolosseum;7.1
Stille Liv | The Quiet Migration;sat;16:30;102;CineStar 3;6.3
Superposition;sat;19:30;102;Kolosseum;6.3
Verden er uskarp | The World Is Out Of Focus;sat;22:00;71;CineStar 5;8.2
Nordic Shorts 2: Inbetween;sat;22:15;83;CineStar 1;7.6
Sigade revolutsioon | Revolution of Pigs | Revolution der Schweine;sat;22:15;98;CineStar 4;6.2
Nordic Shorts 3: Real Fake Truths;sat;22:30;74;Koki;7.3
Vintersaga;sat;22:30;81;Kolosseum;7.3
Cinéma Laika | Cinema Laika | Kino Laika;sat;22:45;81;CineStar 6;8.1
Je'vida;sun;10:00;99;CineStar 5;7.5
Nordic Shorts 4: The Nuclear Family;sun;10:00;73;Koki;7.8
Tatort – Borowski und das unschuldige Kind von Wacken | Tatort – Borowski and the Innocent Child of Wacken;sun;10:15;88;CineStar 7;8.4
Ung Flukt | The Wayward Girl | Die jungen Sünder;sun;10:15;94;CineStar 4;6.6
Hør her'a! | Listen Up!;sun;10:45;86;CineStar 2;6.9
Aurora - Wunderbares Polarlicht;sun;11:15;29;InfinityDome;7.3
Filmforum Shorts: In nördlichen Breiten;sun;13:15;70;CineStar 7;5.6
Bastarden | The Promised Land | King’s Land;sun;13:30;127;CineStar 3;7.1
Blomster;sun;13:45;65;CineStar 2;5.9
Die Holstentorrolle;sun;13:45;90;CineStar 6;8.5
Forvandlingen – frihed kommer indefra | It's Always Been Me;sun;16:15;72;CineStar 1;7.3
Forvandlingen – frihed kommer indefra | It's Always Been Me;sun;16:15;72;CineStar 1;7.3
Liv | Das Mädchen Liv;sun;16:15;88;CineStar 4;5.7
Stille Liv | The Quiet Migration;sun;16:30;102;CineStar 3;6.3
Superposition;sun;16:30;102;Kolosseum;6.3
Ellos eatnu – La elva leve | Let the River Flow;sun;16:45;122;CineStar 2;7.7
Poetas | The Poet;sun;19:15;112;CineStar 4;7.3
Savvusanna sõsarad | Smoke Sauna Sisterhood;sun;19:15;89;CineStar 7;7.8
Shorts 14+: Eine Handbreit über dem Boden;sun;19:15;73;CineStar 1;7.4
Paradiset Brinner | Paradise Is Burning;sun;19:30;108;CineStar 3;6.8