Titina | Titina – Ein tierisches Abenteuer am Nordpol;wed;16:15;92;CineStar 1;7.1
And the King Said, What a Fantastic Machine | Fantastic Machine;wed;16:45;85;CineStar 6;7.2
Elaha;wed;18:15;110;CineStar 7;7.6
Huset | Prisoner;wed;19:00;118;CineStar 5;7.6
Norwegian Dream;wed;19:15;97;CineStar 1;6.6
Ung Flukt | The Wayward Girl | Die jungen Sünder;wed;19:15;94;CineStar 4;6.6
Tillsammans 99 | Together 99;wed;19:30;115;Kolosseum;6.5
Twice Colonized;wed;19:45;92;CineStar 6;6.4
El sueño de la Sultana | Sultana's Dream | Sultanas Traum;wed;21:15;86;CineStar 7;6.8
Ilveskuiskaaja | Lynx Man;wed;22:00;82;CineStar 5;7.8
Poetas | The Poet;wed;22:15;112;CineStar 4;7.3
Revir – En fortælling om det dyrebare | Revir – Everything You Hold Dear;wed;22:30;83;Koki;6.8
Tilverur | Solitude;wed;22:30;75;Kolosseum;7.7
Sånger från andra våningen | Songs from the Second Floor;wed;22:45;99;CineStar 2;7.5
Huset | Prisoner;thu;10:00;118;Koki;7.6
Huset | Prisoner;thu;10:00;118;Koki;7.6
Tillsammans 99 | Together 99;thu;10:00;115;CineStar 5;6.5
Dancing Queen;thu;10:15;90;CineStar 1;7.5
El sueño de la Sultana | Sultana's Dream | Sultanas Traum;thu;10:15;86;CineStar 4;6.8
Revir – En fortælling om det dyrebare | Revir – Everything You Hold Dear;thu;10:45;83;CineStar 6;6.8
Revir – En fortælling om det dyrebare | Revir – Everything You Hold Dear;thu;10:45;83;CineStar 6;6.8
Stille Liv | The Quiet Migration;thu;13:00;102;CineStar 5;6.3
Elaha;thu;13:15;110;CineStar 7;7.6
Gategutter | Boys From the Streets | Gassenjungen;thu;13:15;77;CineStar 4;6.5
Gategutter | Boys From the Streets | Gassenjungen;thu;13:15;77;CineStar 4;6.5
Nelly Rapp – Dödens spegel | Nelly Rapp – The Secret of the Black Forest;thu;13:15;95;CineStar 1;6.7
Nelly Rapp – Dödens spegel | Nelly Rapp – The Secret of the Black Forest;thu;13:15;95;CineStar 1;6.7
Paradiset Brinner | Paradise Is Burning;thu;13:30;108;Kolosseum;6.8
Superposition;thu;13:30;102;CineStar 3;6.3
Máhccan – Kotiinpaluu | Homecoming;thu;13:45;77;CineStar 6;7.6
Det är en dag imorgon också | Tomorrow's Another Day;thu;15:00;90;Koki;7.4
Für Immer | For Ever;thu;16:15;87;CineStar 7;7.5
Für Immer | For Ever;thu;16:15;87;CineStar 7;7.5
Für Immer | For Ever;thu;16:15;87;CineStar 7;7.5
The Small Confession + 511 Best Photographs of Mars;thu;16:15;98;CineStar 4;7.8
Vintersaga;thu;16:30;81;CineStar 3;7.3
!Aitsa;thu;16:45;89;CineStar 6;8.8
Being a Human Person;thu;17:30;90;Koki;7.6
Tilverur | Solitude;thu;19:00;75;CineStar 5;7.7
Tilverur | Solitude;thu;19:00;75;CineStar 5;7.7
Flickorna Gyurkovics | A Sister of Six | Die sieben Töchter der Frau Gyurkovics;thu;19:15;102;CineStar 4;7.1
Bastarden | The Promised Land | King’s Land;thu;19:30;127;CineStar 3;7.8
Ellos eatnu – La elva leve | Let the River Flow;thu;19:30;122;Kolosseum;7.7
Inger & det dårlige selskab | Mrs Hansen & The Bad Companions;thu;19:45;90;CineStar 6;8.2
Shorts 16+: Wohin mit unseren Träumen?;thu;19:45;73;CineStar 2;7.2
Estonia;thu;20:00;90;Koki;6.9
Slow;thu;22:00;108;CineStar 5;7.5
Käpy selän alla | Under Your Skin | Tannenzapfen unter dem Rücken;thu;22:15;89;CineStar 4;6.7
Je'vida;thu;22:30;99;Kolosseum;7.5
Miraklet i Gullspång | The Gullspång Miracle;thu;22:30;109;Koki;8.3
Den siste filmen | The Last Movie;thu;22:45;83;CineStar 6;8.3
Ola – En helt vanlig uvanlig fyr | Being Ola;thu;22:45;72;CineStar 2;7.7
Päikeseaeg | Sundial;fri;10:00;65;Koki;6.6
Miraklet i Gullspång | The Gullspång Miracle;fri;10:45;109;CineStar 6;8.3
Miraklet i Gullspång | The Gullspång Miracle;fri;10:45;109;CineStar 6;8.3
Om det oändliga | About Endlessness | Über die Unendlichkeit;fri;10:45;78;CineStar 2;6.8
Dom kallar oss mods | They Call Us Misfits | Sie nennen uns Mods;fri;13:15;100;CineStar 4;7.3
Roselil og stentrolden | Rosa and the Stone Troll;fri;13:15;75;CineStar 1;7.3
Slow;fri;13:30;108;CineStar 3;7.5
Tilverur | Solitude;fri;13:30;75;Kolosseum;7.7
Cinéma Laika | Cinema Laika | Kino Laika;fri;13:45;81;CineStar 6;8.1
Hør her'a! | Listen Up!;fri;13:45;86;CineStar 2;6.9
Handen på Hjärtat | Out of Touch;fri;15:00;132;Koki;6.9
Superposition;fri;16:00;102;CineStar 5;6.3
Je'vida;fri;16:30;99;CineStar 3;7.5
Poetas | The Poet;fri;16:30;112;Kolosseum;7.3
Poetas | The Poet;fri;16:30;112;Kolosseum;7.3
Liv Ullmann – A Road Less Travelled;fri;16:45;102;CineStar 6;7.6
Arkitekten | The Architect;fri;17:30;76;Koki;6.9
Vintersaga;fri;19:00;81;CineStar 5;7.3
Norwegian Dream;fri;19:15;97;CineStar 1;6.6
Norwegian Dream;fri;19:15;97;CineStar 1;6.6
Paradiset Brinner | Paradise Is Burning;fri;19:30;108;CineStar 3;6.8
Stille Liv | The Quiet Migration;fri;19:30;102;Kolosseum;6.3
Afturelding | Coach | Balls;fri;19:45;88;CineStar 2;7.9
Fedrelandet | Songs of Earth;fri;19:45;90;CineStar 6;7.3
Savvusanna sõsarad | Smoke Sauna Sisterhood;fri;22:00;89;CineStar 5;7.8
Lasse og Geir | Them and Us | Lasse und Geir;fri;22:15;91;CineStar 4;6.4
Lasse og Geir | Them and Us | Lasse und Geir;fri;22:15;91;CineStar 4;6.4
Ellos eatnu – La elva leve | Let the River Flow;fri;22:30;122;CineStar 3;7.7
Ilveskuiskaaja | Lynx Man;fri;22:45;82;CineStar 6;7.8
Tillsammans 99 | Together 99;fri;22:45;115;CineStar 2;6.5
Arkitekten | The Architect;sat;10:00;76;CineStar 5;6.9
Den siste filmen | The Last Movie;sat;10:15;83;CineStar 4;8.3
Den siste filmen | The Last Movie;sat;10:15;83;CineStar 4;8.3
Roselil og stentrolden | Rosa and the Stone Troll;sat;10:15;75;CineStar 1;7.3
Ellos eatnu – La elva leve | Let the River Flow;sat;10:30;122;CineStar 3;7.7
Inger & det dårlige selskab | Mrs Hansen & The Bad Companions;sat;10:30;90;Filmhaus 2;8.2
Slow;sat;10:30;108;Kolosseum;7.5
Du levande | You, the Living | Das jüngste Gewitter;sat;10:45;93;CineStar 2;7.4
Máhccan – Kotiinpaluu | Homecoming;sat;10:45;77;Filmhaus 1;7.6
Máhccan – Kotiinpaluu | Homecoming;sat;10:45;77;Filmhaus 1;7.6
Nordic Shorts 5: Broken Connections;sat;12:30;87;Koki;6.7
Heartist;sat;13:00;51;CineStar 5;7.9
Terrorister – en film om dom dömda | Terrorists: The Kids They Sentenced;sat;13:15;85;CineStar 4;6.3
Terrorister – en film om dom dömda | Terrorists: The Kids They Sentenced;sat;13:15;85;CineStar 4;6.3
Fedrelandet | Songs of Earth;sat;13:45;90;CineStar 6;7.3
Titina | Titina – Ein tierisches Abenteuer am Nordpol;sat;16:15;92;CineStar 1;7.1
Stille Liv | The Quiet Migration;sat;16:30;102;CineStar 3;6.3
Liv Ullmann – A Road Less Travelled;sat;16:45;102;CineStar 6;7.6
100 Jahre Planetarien;sat;18:00;58;InfinityDome;7.7
Je'vida;sat;19:00;99;CineStar 5;7.5
Aniden | Suddenly;sat;19:15;115;CineStar 7;7.3
Täältä tullaan, elämä! | Right On, Man! | Ich pfeif auf eure Hilfe!;sat;19:15;111;CineStar 4;6.8
Poetas | The Poet;sat;19:30;112;CineStar 3;7.3
Superposition;sat;19:30;102;Kolosseum;6.3
Ola – En helt vanlig uvanlig fyr | Being Ola;sat;19:45;72;CineStar 6;7.7
Paradiset Brinner | Paradise Is Burning;sat;22:30;108;CineStar 3;6.8
Vintersaga;sat;22:30;81;Kolosseum;7.3
Cinéma Laika | Cinema Laika | Kino Laika;sat;22:45;81;CineStar 6;8.1
Handen på Hjärtat | Out of Touch;sat;22:45;132;CineStar 2;6.9
Je'vida;sun;10:00;99;CineStar 5;7.5
Nelly Rapp – Dödens spegel | Nelly Rapp – The Secret of the Black Forest;sun;10:15;95;CineStar 1;6.7
Ung Flukt | The Wayward Girl | Die jungen Sünder;sun;10:15;94;CineStar 4;6.6
Tillsammans 99 | Together 99;sun;10:30;115;Kolosseum;6.5
Vintersaga;sun;10:30;81;CineStar 3;7.3
Heartist;sun;10:45;51;CineStar 6;7.9
Hør her'a! | Listen Up!;sun;10:45;86;CineStar 2;6.9
Päikeseaeg | Sundial;sun;10:45;65;Filmhaus 1;6.6
Dancing Queen;sun;13:15;90;CineStar 1;7.5
Piratene | Pirates | Die Piraten;sun;13:15;93;CineStar 4;6.8
Afturelding | Coach | Balls;sun;13:30;88;Koki;7.9
Die Holstentorrolle;sun;13:45;90;CineStar 6;8.5
And the King Said, What a Fantastic Machine | Fantastic Machine;sun;15:00;85;Koki;7.2
Tilverur | Solitude;sun;16:00;75;CineStar 5;7.7
La empresa;sun;16:15;94;CineStar 7;6.4
La empresa;sun;16:15;94;CineStar 7;6.4
Stille Liv | The Quiet Migration;sun;16:30;102;CineStar 3;6.3
Superposition;sun;16:30;102;Kolosseum;6.3
Superposition;sun;16:30;102;Kolosseum;6.3
Ellos eatnu – La elva leve | Let the River Flow;sun;16:45;122;CineStar 2;7.7
Twice Colonized;sun;16:45;92;CineStar 6;6.4
Estonia;sun;17:30;90;Koki;6.9
Poetas | The Poet;sun;19:15;112;CineStar 4;7.3
Savvusanna sõsarad | Smoke Sauna Sisterhood;sun;19:15;89;CineStar 7;7.8
Paradiset Brinner | Paradise Is Burning;sun;19:30;108;CineStar 3;6.8
Slow;sun;19:30;108;Kolosseum;7.5
!Aitsa;sun;19:45;89;CineStar 6;8.8
En duva satt på en gren och funderade på tilvaron | A Pigeon Sat on a Branch Reflecting on Existence | Eine Taube sitzt auf einem Zweig und denkt über das Leben nach;sun;19:45;101;CineStar 2;6.9
Tillsammans! | Together! | Zusammen!;sun;20:00;106;Koki;7.4